{"cameraMode":{"drawMode":0,"name":"Shaded","section":"Shading Mode"},"sceneLighting":true,"audioPlay":false,"sceneViewState":{"m_AlwaysRefresh":false,"showFog":true,"showSkybox":true,"showFlares":true,"showImageEffects":true,"showParticleSystems":true,"showVisualEffectGraphs":true,"m_FxEnabled":true},"in2DMode":false,"pivot":{"x":-1.0828568935394288,"y":0.44488948583602908,"z":-0.7082986831665039},"rotation":{"x":0.0512615367770195,"y":0.024545295163989068,"z":-0.0013261912390589715,"w":0.9984307885169983},"size":3.5017194747924806,"orthographic":false}